"ID del capítulo (Obligatorio, defina el ID del capítulo.)","Nombre del capítulo (Obligatorio, defina el nombre del capítulo.)","Descripción del capítulo (Opcional, defina la descripción del capítulo.)","ID del elemento (Obligatorio, defina el ID del elemento.)","Nombre del elemento (Obligatorio, defina el nombre del elemento.)","Descripción del elemento (Obligatorio, defina la descripción del elemento.)","Información adicional del elemento (Obligatorio, defina la información adicional del elemento.)"
A.5,Controles Organizacionales,"Controles relacionados con políticas, roles, gestión de proveedores, gestión de activos y gobierno de la seguridad de la información.",5.1,Políticas de seguridad de la información,"Definir, aprobar, comunicar y revisar periódicamente un conjunto de políticas que guíen la seguridad de la información en la organización.",Evaluar su aplicabilidad conforme al análisis de riesgos de la organización (Declaración de Aplicabilidad).
A.5,Controles Organizacionales,"Controles relacionados con políticas, roles, gestión de proveedores, gestión de activos y gobierno de la seguridad de la información.",5.2,Roles y responsabilidades de seguridad de la información,Asignar y comunicar claramente quién es responsable de cada función relacionada con la seguridad de la información.,Evaluar su aplicabilidad conforme al análisis de riesgos de la organización (Declaración de Aplicabilidad).
A.5,Controles Organizacionales,"Controles relacionados con políticas, roles, gestión de proveedores, gestión de activos y gobierno de la seguridad de la información.",5.3,Segregación de funciones,Separar funciones y áreas de responsabilidad en conflicto para reducir el riesgo de uso indebido o fraude.,Evaluar su aplicabilidad conforme al análisis de riesgos de la organización (Declaración de Aplicabilidad).
A.5,Controles Organizacionales,"Controles relacionados con políticas, roles, gestión de proveedores, gestión de activos y gobierno de la seguridad de la información.",5.4,Responsabilidades de la dirección,Exigir a la dirección que se asegure de que el personal aplique la seguridad de la información conforme a las políticas establecidas.,Evaluar su aplicabilidad conforme al análisis de riesgos de la organización (Declaración de Aplicabilidad).
A.5,Controles Organizacionales,"Controles relacionados con políticas, roles, gestión de proveedores, gestión de activos y gobierno de la seguridad de la información.",5.5,Contacto con autoridades,"Mantener contactos definidos con autoridades relevantes, como fuerzas de seguridad o reguladores.",Evaluar su aplicabilidad conforme al análisis de riesgos de la organización (Declaración de Aplicabilidad).
A.5,Controles Organizacionales,"Controles relacionados con políticas, roles, gestión de proveedores, gestión de activos y gobierno de la seguridad de la información.",5.6,Contacto con grupos de interés especial,Participar en foros y asociaciones profesionales especializadas en seguridad de la información.,Evaluar su aplicabilidad conforme al análisis de riesgos de la organización (Declaración de Aplicabilidad).
A.5,Controles Organizacionales,"Controles relacionados con políticas, roles, gestión de proveedores, gestión de activos y gobierno de la seguridad de la información.",5.7,Inteligencia de amenazas,Recolectar y analizar información sobre amenazas emergentes para anticipar riesgos de seguridad.,Control nuevo introducido en la revisión 2022 de la norma.
A.5,Controles Organizacionales,"Controles relacionados con políticas, roles, gestión de proveedores, gestión de activos y gobierno de la seguridad de la información.",5.8,Seguridad de la información en la gestión de proyectos,Integrar consideraciones de seguridad de la información en la metodología de gestión de proyectos.,Evaluar su aplicabilidad conforme al análisis de riesgos de la organización (Declaración de Aplicabilidad).
A.5,Controles Organizacionales,"Controles relacionados con políticas, roles, gestión de proveedores, gestión de activos y gobierno de la seguridad de la información.",5.9,Inventario de información y otros activos asociados,Desarrollar y mantener actualizado un inventario de los activos de información de la organización.,Evaluar su aplicabilidad conforme al análisis de riesgos de la organización (Declaración de Aplicabilidad).
A.5,Controles Organizacionales,"Controles relacionados con políticas, roles, gestión de proveedores, gestión de activos y gobierno de la seguridad de la información.",5.10,Uso aceptable de la información y otros activos asociados,Documentar e implementar reglas sobre el uso aceptable de los activos de información.,Evaluar su aplicabilidad conforme al análisis de riesgos de la organización (Declaración de Aplicabilidad).
A.5,Controles Organizacionales,"Controles relacionados con políticas, roles, gestión de proveedores, gestión de activos y gobierno de la seguridad de la información.",5.11,Devolución de activos,Asegurar que el personal devuelva los activos de la organización al finalizar su relación laboral o contractual.,Evaluar su aplicabilidad conforme al análisis de riesgos de la organización (Declaración de Aplicabilidad).
A.5,Controles Organizacionales,"Controles relacionados con políticas, roles, gestión de proveedores, gestión de activos y gobierno de la seguridad de la información.",5.12,Clasificación de la información,"Clasificar la información según sus requisitos de confidencialidad, integridad y disponibilidad.",Evaluar su aplicabilidad conforme al análisis de riesgos de la organización (Declaración de Aplicabilidad).
A.5,Controles Organizacionales,"Controles relacionados con políticas, roles, gestión de proveedores, gestión de activos y gobierno de la seguridad de la información.",5.13,Etiquetado de la información,Implementar procedimientos de etiquetado acordes al esquema de clasificación de información adoptado.,Evaluar su aplicabilidad conforme al análisis de riesgos de la organización (Declaración de Aplicabilidad).
A.5,Controles Organizacionales,"Controles relacionados con políticas, roles, gestión de proveedores, gestión de activos y gobierno de la seguridad de la información.",5.14,Transferencia de información,"Establecer políticas para la transferencia segura de información, ya sea electrónica, física o verbal.",Evaluar su aplicabilidad conforme al análisis de riesgos de la organización (Declaración de Aplicabilidad).
A.5,Controles Organizacionales,"Controles relacionados con políticas, roles, gestión de proveedores, gestión de activos y gobierno de la seguridad de la información.",5.15,Control de acceso,Definir reglas para controlar el acceso físico y lógico a la información y a los activos asociados.,Evaluar su aplicabilidad conforme al análisis de riesgos de la organización (Declaración de Aplicabilidad).
A.5,Controles Organizacionales,"Controles relacionados con políticas, roles, gestión de proveedores, gestión de activos y gobierno de la seguridad de la información.",5.16,Gestión de identidades,Gestionar el ciclo de vida completo de las identidades dentro de la organización.,Evaluar su aplicabilidad conforme al análisis de riesgos de la organización (Declaración de Aplicabilidad).
A.5,Controles Organizacionales,"Controles relacionados con políticas, roles, gestión de proveedores, gestión de activos y gobierno de la seguridad de la información.",5.17,Información de autenticación,Controlar la gestión de contraseñas y otra información secreta de autenticación.,Evaluar su aplicabilidad conforme al análisis de riesgos de la organización (Declaración de Aplicabilidad).
A.5,Controles Organizacionales,"Controles relacionados con políticas, roles, gestión de proveedores, gestión de activos y gobierno de la seguridad de la información.",5.18,Derechos de acceso,"Gestionar el otorgamiento, revisión, modificación y revocación de los derechos de acceso.",Evaluar su aplicabilidad conforme al análisis de riesgos de la organización (Declaración de Aplicabilidad).
A.5,Controles Organizacionales,"Controles relacionados con políticas, roles, gestión de proveedores, gestión de activos y gobierno de la seguridad de la información.",5.19,Seguridad de la información en las relaciones con proveedores,Definir requisitos de seguridad para el acceso de proveedores a los activos de la organización.,Evaluar su aplicabilidad conforme al análisis de riesgos de la organización (Declaración de Aplicabilidad).
A.5,Controles Organizacionales,"Controles relacionados con políticas, roles, gestión de proveedores, gestión de activos y gobierno de la seguridad de la información.",5.20,Seguridad de la información en acuerdos con proveedores,Incluir los requisitos de seguridad relevantes dentro de los contratos con proveedores.,Evaluar su aplicabilidad conforme al análisis de riesgos de la organización (Declaración de Aplicabilidad).
A.5,Controles Organizacionales,"Controles relacionados con políticas, roles, gestión de proveedores, gestión de activos y gobierno de la seguridad de la información.",5.21,Gestión de la seguridad de la información en la cadena de suministro TIC,Establecer procesos para gestionar los riesgos de seguridad de productos y servicios TIC de terceros.,Control nuevo introducido en la revisión 2022 de la norma.
A.5,Controles Organizacionales,"Controles relacionados con políticas, roles, gestión de proveedores, gestión de activos y gobierno de la seguridad de la información.",5.22,"Monitoreo, revisión y gestión de cambios de servicios de proveedores",Monitorear y revisar periódicamente la seguridad de los servicios prestados por proveedores.,Evaluar su aplicabilidad conforme al análisis de riesgos de la organización (Declaración de Aplicabilidad).
A.5,Controles Organizacionales,"Controles relacionados con políticas, roles, gestión de proveedores, gestión de activos y gobierno de la seguridad de la información.",5.23,Seguridad de la información para el uso de servicios en la nube,"Establecer procesos para la adquisición, uso y salida segura de servicios en la nube.",Control nuevo introducido en la revisión 2022 de la norma.
A.5,Controles Organizacionales,"Controles relacionados con políticas, roles, gestión de proveedores, gestión de activos y gobierno de la seguridad de la información.",5.24,Planificación y preparación para la gestión de incidentes,Planificar y preparar a la organización para responder ante incidentes de seguridad de la información.,Evaluar su aplicabilidad conforme al análisis de riesgos de la organización (Declaración de Aplicabilidad).
A.5,Controles Organizacionales,"Controles relacionados con políticas, roles, gestión de proveedores, gestión de activos y gobierno de la seguridad de la información.",5.25,Evaluación y decisión sobre eventos de seguridad de la información,Evaluar los eventos de seguridad para decidir si deben clasificarse como incidentes.,Evaluar su aplicabilidad conforme al análisis de riesgos de la organización (Declaración de Aplicabilidad).
A.5,Controles Organizacionales,"Controles relacionados con políticas, roles, gestión de proveedores, gestión de activos y gobierno de la seguridad de la información.",5.26,Respuesta a incidentes de seguridad de la información,Responder a los incidentes de seguridad conforme a procedimientos documentados.,Evaluar su aplicabilidad conforme al análisis de riesgos de la organización (Declaración de Aplicabilidad).
A.5,Controles Organizacionales,"Controles relacionados con políticas, roles, gestión de proveedores, gestión de activos y gobierno de la seguridad de la información.",5.27,Aprendizaje de los incidentes de seguridad de la información,Usar el conocimiento adquirido de incidentes pasados para reducir la probabilidad o el impacto de futuros incidentes.,Evaluar su aplicabilidad conforme al análisis de riesgos de la organización (Declaración de Aplicabilidad).
A.5,Controles Organizacionales,"Controles relacionados con políticas, roles, gestión de proveedores, gestión de activos y gobierno de la seguridad de la información.",5.28,Recolección de evidencia,Establecer e implementar procedimientos para la recolección y custodia de evidencia digital.,Evaluar su aplicabilidad conforme al análisis de riesgos de la organización (Declaración de Aplicabilidad).
A.5,Controles Organizacionales,"Controles relacionados con políticas, roles, gestión de proveedores, gestión de activos y gobierno de la seguridad de la información.",5.29,Seguridad de la información durante interrupciones,Planificar cómo se mantendrá la seguridad de la información durante una interrupción del negocio.,Evaluar su aplicabilidad conforme al análisis de riesgos de la organización (Declaración de Aplicabilidad).
A.5,Controles Organizacionales,"Controles relacionados con políticas, roles, gestión de proveedores, gestión de activos y gobierno de la seguridad de la información.",5.30,Preparación de las TIC para la continuidad del negocio,"Planificar, implementar, mantener y probar la disponibilidad de los sistemas TIC ante interrupciones.",Control nuevo introducido en la revisión 2022 de la norma.
A.5,Controles Organizacionales,"Controles relacionados con políticas, roles, gestión de proveedores, gestión de activos y gobierno de la seguridad de la información.",5.31,"Requisitos legales, estatutarios, regulatorios y contractuales","Identificar, documentar y mantener actualizados los requisitos legales y contractuales aplicables.",Evaluar su aplicabilidad conforme al análisis de riesgos de la organización (Declaración de Aplicabilidad).
A.5,Controles Organizacionales,"Controles relacionados con políticas, roles, gestión de proveedores, gestión de activos y gobierno de la seguridad de la información.",5.32,Derechos de propiedad intelectual,Implementar procedimientos para proteger los derechos de propiedad intelectual.,Evaluar su aplicabilidad conforme al análisis de riesgos de la organización (Declaración de Aplicabilidad).
A.5,Controles Organizacionales,"Controles relacionados con políticas, roles, gestión de proveedores, gestión de activos y gobierno de la seguridad de la información.",5.33,Protección de registros,"Proteger los registros contra pérdida, destrucción, falsificación o acceso no autorizado.",Evaluar su aplicabilidad conforme al análisis de riesgos de la organización (Declaración de Aplicabilidad).
A.5,Controles Organizacionales,"Controles relacionados con políticas, roles, gestión de proveedores, gestión de activos y gobierno de la seguridad de la información.",5.34,Privacidad y protección de datos personales,Cumplir con los requisitos legales de privacidad y protección de datos personales aplicables.,Evaluar su aplicabilidad conforme al análisis de riesgos de la organización (Declaración de Aplicabilidad).
A.5,Controles Organizacionales,"Controles relacionados con políticas, roles, gestión de proveedores, gestión de activos y gobierno de la seguridad de la información.",5.35,Revisión independiente de la seguridad de la información,Revisar de forma independiente la implementación del SGSI a intervalos planificados.,Evaluar su aplicabilidad conforme al análisis de riesgos de la organización (Declaración de Aplicabilidad).
A.5,Controles Organizacionales,"Controles relacionados con políticas, roles, gestión de proveedores, gestión de activos y gobierno de la seguridad de la información.",5.36,"Cumplimiento de políticas, reglas y normas",Revisar periódicamente el cumplimiento de las políticas y normas de seguridad de la información.,Evaluar su aplicabilidad conforme al análisis de riesgos de la organización (Declaración de Aplicabilidad).
A.5,Controles Organizacionales,"Controles relacionados con políticas, roles, gestión de proveedores, gestión de activos y gobierno de la seguridad de la información.",5.37,Procedimientos operativos documentados,Documentar los procedimientos operativos y ponerlos a disposición del personal autorizado.,Evaluar su aplicabilidad conforme al análisis de riesgos de la organización (Declaración de Aplicabilidad).
A.6,Controles de Personas,"Controles relacionados con la selección, capacitación, responsabilidades y comportamiento del personal frente a la seguridad de la información.",6.1,Selección de personal,"Realizar verificaciones de antecedentes a los candidatos, conforme a la legislación y ética aplicables.",Evaluar su aplicabilidad conforme al análisis de riesgos de la organización (Declaración de Aplicabilidad).
A.6,Controles de Personas,"Controles relacionados con la selección, capacitación, responsabilidades y comportamiento del personal frente a la seguridad de la información.",6.2,Términos y condiciones de empleo,Incluir las responsabilidades de seguridad de la información en los contratos de trabajo.,Evaluar su aplicabilidad conforme al análisis de riesgos de la organización (Declaración de Aplicabilidad).
A.6,Controles de Personas,"Controles relacionados con la selección, capacitación, responsabilidades y comportamiento del personal frente a la seguridad de la información.",6.3,"Concienciación, educación y capacitación en seguridad de la información",Asegurar que el personal reciba formación y concienciación adecuadas en seguridad de la información.,Evaluar su aplicabilidad conforme al análisis de riesgos de la organización (Declaración de Aplicabilidad).
A.6,Controles de Personas,"Controles relacionados con la selección, capacitación, responsabilidades y comportamiento del personal frente a la seguridad de la información.",6.4,Proceso disciplinario,Formalizar y comunicar un proceso disciplinario ante violaciones de la seguridad de la información.,Evaluar su aplicabilidad conforme al análisis de riesgos de la organización (Declaración de Aplicabilidad).
A.6,Controles de Personas,"Controles relacionados con la selección, capacitación, responsabilidades y comportamiento del personal frente a la seguridad de la información.",6.5,Responsabilidades tras la finalización o cambio de empleo,Mantener las responsabilidades de seguridad vigentes tras un cambio o finalización de la relación laboral.,Evaluar su aplicabilidad conforme al análisis de riesgos de la organización (Declaración de Aplicabilidad).
A.6,Controles de Personas,"Controles relacionados con la selección, capacitación, responsabilidades y comportamiento del personal frente a la seguridad de la información.",6.6,Acuerdos de confidencialidad o no divulgación,"Identificar, documentar, revisar y firmar acuerdos de confidencialidad según corresponda.",Evaluar su aplicabilidad conforme al análisis de riesgos de la organización (Declaración de Aplicabilidad).
A.6,Controles de Personas,"Controles relacionados con la selección, capacitación, responsabilidades y comportamiento del personal frente a la seguridad de la información.",6.7,Trabajo remoto,Implementar y comunicar medidas de seguridad específicas para el trabajo remoto.,Evaluar su aplicabilidad conforme al análisis de riesgos de la organización (Declaración de Aplicabilidad).
A.6,Controles de Personas,"Controles relacionados con la selección, capacitación, responsabilidades y comportamiento del personal frente a la seguridad de la información.",6.8,Reporte de eventos de seguridad de la información,Proveer un mecanismo para que el personal reporte eventos de seguridad observados o sospechados.,Evaluar su aplicabilidad conforme al análisis de riesgos de la organización (Declaración de Aplicabilidad).
A.7,Controles Físicos,"Controles relacionados con la protección física de instalaciones, equipos y medios de almacenamiento.",7.1,Perímetros de seguridad física,Definir perímetros de seguridad física que protejan la información y las instalaciones de procesamiento.,Evaluar su aplicabilidad conforme al análisis de riesgos de la organización (Declaración de Aplicabilidad).
A.7,Controles Físicos,"Controles relacionados con la protección física de instalaciones, equipos y medios de almacenamiento.",7.2,Entrada física,Proteger las áreas seguras mediante controles de entrada apropiados.,Evaluar su aplicabilidad conforme al análisis de riesgos de la organización (Declaración de Aplicabilidad).
A.7,Controles Físicos,"Controles relacionados con la protección física de instalaciones, equipos y medios de almacenamiento.",7.3,"Seguridad de oficinas, salas e instalaciones","Diseñar y aplicar medidas de seguridad física a oficinas, salas e instalaciones.",Evaluar su aplicabilidad conforme al análisis de riesgos de la organización (Declaración de Aplicabilidad).
A.7,Controles Físicos,"Controles relacionados con la protección física de instalaciones, equipos y medios de almacenamiento.",7.4,Monitoreo de seguridad física,Monitorear de forma continua las instalaciones para detectar accesos físicos no autorizados.,Control nuevo introducido en la revisión 2022 de la norma.
A.7,Controles Físicos,"Controles relacionados con la protección física de instalaciones, equipos y medios de almacenamiento.",7.5,Protección contra amenazas físicas y ambientales,Proteger las instalaciones contra amenazas naturales y deliberadas de tipo físico.,Evaluar su aplicabilidad conforme al análisis de riesgos de la organización (Declaración de Aplicabilidad).
A.7,Controles Físicos,"Controles relacionados con la protección física de instalaciones, equipos y medios de almacenamiento.",7.6,Trabajo en áreas seguras,Diseñar y aplicar medidas de seguridad para el trabajo realizado en áreas seguras.,Evaluar su aplicabilidad conforme al análisis de riesgos de la organización (Declaración de Aplicabilidad).
A.7,Controles Físicos,"Controles relacionados con la protección física de instalaciones, equipos y medios de almacenamiento.",7.7,Escritorio y pantalla limpios,"Establecer reglas de escritorio limpio para documentos y medios removibles, y de pantalla limpia para los sistemas.",Evaluar su aplicabilidad conforme al análisis de riesgos de la organización (Declaración de Aplicabilidad).
A.7,Controles Físicos,"Controles relacionados con la protección física de instalaciones, equipos y medios de almacenamiento.",7.8,Ubicación y protección de equipos,Ubicar y proteger los equipos para reducir los riesgos ambientales y de acceso no autorizado.,Evaluar su aplicabilidad conforme al análisis de riesgos de la organización (Declaración de Aplicabilidad).
A.7,Controles Físicos,"Controles relacionados con la protección física de instalaciones, equipos y medios de almacenamiento.",7.9,Seguridad de activos fuera de las instalaciones,Proteger los activos que se encuentran fuera de las instalaciones de la organización.,Evaluar su aplicabilidad conforme al análisis de riesgos de la organización (Declaración de Aplicabilidad).
A.7,Controles Físicos,"Controles relacionados con la protección física de instalaciones, equipos y medios de almacenamiento.",7.10,Medios de almacenamiento,"Gestionar los medios de almacenamiento durante su adquisición, uso, transporte y disposición final.",Evaluar su aplicabilidad conforme al análisis de riesgos de la organización (Declaración de Aplicabilidad).
A.7,Controles Físicos,"Controles relacionados con la protección física de instalaciones, equipos y medios de almacenamiento.",7.11,Servicios de soporte,Proteger las instalaciones frente a fallas de energía y otras interrupciones de servicios de soporte.,Evaluar su aplicabilidad conforme al análisis de riesgos de la organización (Declaración de Aplicabilidad).
A.7,Controles Físicos,"Controles relacionados con la protección física de instalaciones, equipos y medios de almacenamiento.",7.12,Seguridad del cableado,Proteger el cableado eléctrico y de comunicaciones contra interceptación o daño.,Evaluar su aplicabilidad conforme al análisis de riesgos de la organización (Declaración de Aplicabilidad).
A.7,Controles Físicos,"Controles relacionados con la protección física de instalaciones, equipos y medios de almacenamiento.",7.13,Mantenimiento de equipos,Mantener correctamente los equipos para asegurar su disponibilidad e integridad.,Evaluar su aplicabilidad conforme al análisis de riesgos de la organización (Declaración de Aplicabilidad).
A.7,Controles Físicos,"Controles relacionados con la protección física de instalaciones, equipos y medios de almacenamiento.",7.14,Eliminación o reutilización segura de equipos,Verificar que los datos sensibles sean eliminados antes de desechar o reutilizar un equipo.,Evaluar su aplicabilidad conforme al análisis de riesgos de la organización (Declaración de Aplicabilidad).
A.8,Controles Tecnológicos,"Controles técnicos relacionados con el acceso, la criptografía, el desarrollo seguro y el monitoreo de sistemas.",8.1,Dispositivos de punto final del usuario,"Establecer políticas y medidas técnicas para proteger dispositivos de punto final (laptops, celulares, etc.).",Evaluar su aplicabilidad conforme al análisis de riesgos de la organización (Declaración de Aplicabilidad).
A.8,Controles Tecnológicos,"Controles técnicos relacionados con el acceso, la criptografía, el desarrollo seguro y el monitoreo de sistemas.",8.2,Derechos de acceso privilegiado,Restringir y gestionar la asignación y el uso de derechos de acceso privilegiado.,Evaluar su aplicabilidad conforme al análisis de riesgos de la organización (Declaración de Aplicabilidad).
A.8,Controles Tecnológicos,"Controles técnicos relacionados con el acceso, la criptografía, el desarrollo seguro y el monitoreo de sistemas.",8.3,Restricción de acceso a la información,Restringir el acceso a la información y a las aplicaciones según la política de control de acceso.,Evaluar su aplicabilidad conforme al análisis de riesgos de la organización (Declaración de Aplicabilidad).
A.8,Controles Tecnológicos,"Controles técnicos relacionados con el acceso, la criptografía, el desarrollo seguro y el monitoreo de sistemas.",8.4,Acceso al código fuente,Restringir adecuadamente el acceso de lectura y escritura al código fuente y a las herramientas de desarrollo.,Evaluar su aplicabilidad conforme al análisis de riesgos de la organización (Declaración de Aplicabilidad).
A.8,Controles Tecnológicos,"Controles técnicos relacionados con el acceso, la criptografía, el desarrollo seguro y el monitoreo de sistemas.",8.5,Autenticación segura,Implementar tecnologías de autenticación segura acordes a las restricciones de acceso definidas.,Evaluar su aplicabilidad conforme al análisis de riesgos de la organización (Declaración de Aplicabilidad).
A.8,Controles Tecnológicos,"Controles técnicos relacionados con el acceso, la criptografía, el desarrollo seguro y el monitoreo de sistemas.",8.6,Gestión de capacidad,Monitorear y ajustar la capacidad de los recursos para cumplir con los requisitos actuales y futuros.,Evaluar su aplicabilidad conforme al análisis de riesgos de la organización (Declaración de Aplicabilidad).
A.8,Controles Tecnológicos,"Controles técnicos relacionados con el acceso, la criptografía, el desarrollo seguro y el monitoreo de sistemas.",8.7,Protección contra malware,"Implementar protección contra malware, respaldada por concienciación adecuada del personal.",Evaluar su aplicabilidad conforme al análisis de riesgos de la organización (Declaración de Aplicabilidad).
A.8,Controles Tecnológicos,"Controles técnicos relacionados con el acceso, la criptografía, el desarrollo seguro y el monitoreo de sistemas.",8.8,Gestión de vulnerabilidades técnicas,Identificar y remediar oportunamente las vulnerabilidades técnicas de los sistemas.,Evaluar su aplicabilidad conforme al análisis de riesgos de la organización (Declaración de Aplicabilidad).
A.8,Controles Tecnológicos,"Controles técnicos relacionados con el acceso, la criptografía, el desarrollo seguro y el monitoreo de sistemas.",8.9,Gestión de configuración,"Establecer, documentar, monitorear y revisar las configuraciones de seguridad de los sistemas.",Control nuevo introducido en la revisión 2022 de la norma.
A.8,Controles Tecnológicos,"Controles técnicos relacionados con el acceso, la criptografía, el desarrollo seguro y el monitoreo de sistemas.",8.10,Eliminación de información,"Eliminar la información cuando ya no sea necesaria, conforme a las políticas de retención.",Control nuevo introducido en la revisión 2022 de la norma.
A.8,Controles Tecnológicos,"Controles técnicos relacionados con el acceso, la criptografía, el desarrollo seguro y el monitoreo de sistemas.",8.11,Enmascaramiento de datos,Aplicar técnicas de enmascaramiento de datos según los requisitos legales y de control de acceso.,Control nuevo introducido en la revisión 2022 de la norma.
A.8,Controles Tecnológicos,"Controles técnicos relacionados con el acceso, la criptografía, el desarrollo seguro y el monitoreo de sistemas.",8.12,Prevención de fuga de datos,"Aplicar medidas de prevención de fuga de datos (DLP) en sistemas, redes y dispositivos.",Control nuevo introducido en la revisión 2022 de la norma.
A.8,Controles Tecnológicos,"Controles técnicos relacionados con el acceso, la criptografía, el desarrollo seguro y el monitoreo de sistemas.",8.13,Respaldo de información,Mantener y probar regularmente copias de respaldo conforme a la política de backup definida.,Evaluar su aplicabilidad conforme al análisis de riesgos de la organización (Declaración de Aplicabilidad).
A.8,Controles Tecnológicos,"Controles técnicos relacionados con el acceso, la criptografía, el desarrollo seguro y el monitoreo de sistemas.",8.14,Redundancia de las instalaciones de procesamiento de información,Implementar redundancia suficiente en las instalaciones de procesamiento de información.,Evaluar su aplicabilidad conforme al análisis de riesgos de la organización (Declaración de Aplicabilidad).
A.8,Controles Tecnológicos,"Controles técnicos relacionados con el acceso, la criptografía, el desarrollo seguro y el monitoreo de sistemas.",8.15,Registro de eventos (logging),"Producir, almacenar y proteger registros de actividades, excepciones y eventos del sistema.",Evaluar su aplicabilidad conforme al análisis de riesgos de la organización (Declaración de Aplicabilidad).
A.8,Controles Tecnológicos,"Controles técnicos relacionados con el acceso, la criptografía, el desarrollo seguro y el monitoreo de sistemas.",8.16,Actividades de monitoreo,"Monitorear redes, sistemas y aplicaciones para detectar comportamientos anómalos.",Control nuevo introducido en la revisión 2022 de la norma.
A.8,Controles Tecnológicos,"Controles técnicos relacionados con el acceso, la criptografía, el desarrollo seguro y el monitoreo de sistemas.",8.17,Sincronización de relojes,Sincronizar los relojes de los sistemas con fuentes de tiempo aprobadas.,Evaluar su aplicabilidad conforme al análisis de riesgos de la organización (Declaración de Aplicabilidad).
A.8,Controles Tecnológicos,"Controles técnicos relacionados con el acceso, la criptografía, el desarrollo seguro y el monitoreo de sistemas.",8.18,Uso de programas de utilidad privilegiados,Restringir y controlar estrictamente el uso de programas que puedan anular los controles del sistema.,Evaluar su aplicabilidad conforme al análisis de riesgos de la organización (Declaración de Aplicabilidad).
A.8,Controles Tecnológicos,"Controles técnicos relacionados con el acceso, la criptografía, el desarrollo seguro y el monitoreo de sistemas.",8.19,Instalación de software en sistemas operativos,Gestionar de forma controlada la instalación de software en los sistemas en producción.,Evaluar su aplicabilidad conforme al análisis de riesgos de la organización (Declaración de Aplicabilidad).
A.8,Controles Tecnológicos,"Controles técnicos relacionados con el acceso, la criptografía, el desarrollo seguro y el monitoreo de sistemas.",8.20,Seguridad de redes,Asegurar y gestionar adecuadamente las redes y los dispositivos de red.,Evaluar su aplicabilidad conforme al análisis de riesgos de la organización (Declaración de Aplicabilidad).
A.8,Controles Tecnológicos,"Controles técnicos relacionados con el acceso, la criptografía, el desarrollo seguro y el monitoreo de sistemas.",8.21,Seguridad de los servicios de red,"Identificar los mecanismos de seguridad, niveles de servicio y requisitos de los servicios de red.",Evaluar su aplicabilidad conforme al análisis de riesgos de la organización (Declaración de Aplicabilidad).
A.8,Controles Tecnológicos,"Controles técnicos relacionados con el acceso, la criptografía, el desarrollo seguro y el monitoreo de sistemas.",8.22,Segregación de redes,"Segregar en la red los grupos de servicios, usuarios y sistemas de información.",Evaluar su aplicabilidad conforme al análisis de riesgos de la organización (Declaración de Aplicabilidad).
A.8,Controles Tecnológicos,"Controles técnicos relacionados con el acceso, la criptografía, el desarrollo seguro y el monitoreo de sistemas.",8.23,Filtrado web,Gestionar el acceso a sitios web externos para reducir la exposición a malware.,Control nuevo introducido en la revisión 2022 de la norma.
A.8,Controles Tecnológicos,"Controles técnicos relacionados con el acceso, la criptografía, el desarrollo seguro y el monitoreo de sistemas.",8.24,Uso de criptografía,Implementar reglas para el uso efectivo de la criptografía en la protección de la información.,Evaluar su aplicabilidad conforme al análisis de riesgos de la organización (Declaración de Aplicabilidad).
A.8,Controles Tecnológicos,"Controles técnicos relacionados con el acceso, la criptografía, el desarrollo seguro y el monitoreo de sistemas.",8.25,Ciclo de vida de desarrollo seguro,Establecer y aplicar reglas para el desarrollo seguro de software.,Evaluar su aplicabilidad conforme al análisis de riesgos de la organización (Declaración de Aplicabilidad).
A.8,Controles Tecnológicos,"Controles técnicos relacionados con el acceso, la criptografía, el desarrollo seguro y el monitoreo de sistemas.",8.26,Requisitos de seguridad de las aplicaciones,"Especificar, aprobar y documentar los requisitos de seguridad de las aplicaciones.",Evaluar su aplicabilidad conforme al análisis de riesgos de la organización (Declaración de Aplicabilidad).
A.8,Controles Tecnológicos,"Controles técnicos relacionados con el acceso, la criptografía, el desarrollo seguro y el monitoreo de sistemas.",8.27,Principios de arquitectura y de ingeniería de sistemas seguros,Establecer y aplicar principios de ingeniería para el diseño de sistemas seguros.,Evaluar su aplicabilidad conforme al análisis de riesgos de la organización (Declaración de Aplicabilidad).
A.8,Controles Tecnológicos,"Controles técnicos relacionados con el acceso, la criptografía, el desarrollo seguro y el monitoreo de sistemas.",8.28,Codificación segura,Aplicar principios de codificación segura en el desarrollo de software.,Control nuevo introducido en la revisión 2022 de la norma.
A.8,Controles Tecnológicos,"Controles técnicos relacionados con el acceso, la criptografía, el desarrollo seguro y el monitoreo de sistemas.",8.29,Pruebas de seguridad en el desarrollo y la aceptación,Definir e implementar procesos de pruebas de seguridad durante el desarrollo y la aceptación de sistemas.,Evaluar su aplicabilidad conforme al análisis de riesgos de la organización (Declaración de Aplicabilidad).
A.8,Controles Tecnológicos,"Controles técnicos relacionados con el acceso, la criptografía, el desarrollo seguro y el monitoreo de sistemas.",8.30,Desarrollo externalizado,Supervisar y monitorear el desarrollo de software realizado por terceros.,Evaluar su aplicabilidad conforme al análisis de riesgos de la organización (Declaración de Aplicabilidad).
A.8,Controles Tecnológicos,"Controles técnicos relacionados con el acceso, la criptografía, el desarrollo seguro y el monitoreo de sistemas.",8.31,"Separación de entornos de desarrollo, prueba y producción","Separar y proteger adecuadamente los entornos de desarrollo, prueba y producción.",Evaluar su aplicabilidad conforme al análisis de riesgos de la organización (Declaración de Aplicabilidad).
A.8,Controles Tecnológicos,"Controles técnicos relacionados con el acceso, la criptografía, el desarrollo seguro y el monitoreo de sistemas.",8.32,Gestión de cambios,Gestionar los cambios a los sistemas e instalaciones de procesamiento conforme a un procedimiento formal.,Evaluar su aplicabilidad conforme al análisis de riesgos de la organización (Declaración de Aplicabilidad).
A.8,Controles Tecnológicos,"Controles técnicos relacionados con el acceso, la criptografía, el desarrollo seguro y el monitoreo de sistemas.",8.33,Información de pruebas,"Seleccionar, proteger y gestionar adecuadamente la información utilizada en entornos de prueba.",Evaluar su aplicabilidad conforme al análisis de riesgos de la organización (Declaración de Aplicabilidad).
A.8,Controles Tecnológicos,"Controles técnicos relacionados con el acceso, la criptografía, el desarrollo seguro y el monitoreo de sistemas.",8.34,Protección de los sistemas de información durante las auditorías,Planificar y acordar las pruebas de auditoría para minimizar la disrupción de los sistemas en producción.,Evaluar su aplicabilidad conforme al análisis de riesgos de la organización (Declaración de Aplicabilidad).
